<?xml version="1.0" encoding="UTF-8"?>
<Entities
 majorVersion="9"
 minorVersion="6"
 universal="password">
    <ThingTemplates>
        <ThingTemplate
         baseThingTemplate="GenericThing"
         description=""
         documentationContent=""
         effectiveThingPackage="ConfiguredThing"
         homeMashup=""
         inheritedValueStream=""
         name="OneDrive"
         projectName="OneDrive"
         tags=""
         thingPackage="ConfiguredThing"
         valueStream="Weather_ValueStream">
            <avatar></avatar>
            <DesignTimePermissions>
                <Create></Create>
                <Read></Read>
                <Update></Update>
                <Delete></Delete>
                <Metadata></Metadata>
            </DesignTimePermissions>
            <RunTimePermissions></RunTimePermissions>
            <VisibilityPermissions>
                <Visibility></Visibility>
            </VisibilityPermissions>
            <ConfigurationTableDefinitions></ConfigurationTableDefinitions>
            <ConfigurationTables></ConfigurationTables>
            <PropertyBindings></PropertyBindings>
            <RemotePropertyBindings></RemotePropertyBindings>
            <RemoteServiceBindings></RemoteServiceBindings>
            <RemoteEventBindings></RemoteEventBindings>
            <AlertConfigurations>
                <AlertDefinitions
                 name="AccessToken"></AlertDefinitions>
                <AlertDefinitions
                 name="ClientId"></AlertDefinitions>
                <AlertDefinitions
                 name="driveName"></AlertDefinitions>
                <AlertDefinitions
                 name="fileName"></AlertDefinitions>
                <AlertDefinitions
                 name="folderName"></AlertDefinitions>
                <AlertDefinitions
                 name="headers"></AlertDefinitions>
                <AlertDefinitions
                 name="SecretValue"></AlertDefinitions>
                <AlertDefinitions
                 name="TenantId"></AlertDefinitions>
            </AlertConfigurations>
            <ThingShape>
                <PropertyDefinitions>
                    <PropertyDefinition
                     aspect.dataChangeType="VALUE"
                     aspect.isLogged="true"
                     aspect.isPersistent="true"
                     baseType="STRING"
                     category=""
                     description=""
                     isLocalOnly="false"
                     name="AccessToken"
                     ordinal="5"></PropertyDefinition>
                    <PropertyDefinition
                     aspect.dataChangeType="VALUE"
                     aspect.defaultValue="402cc5c3-debe-4a47-a379-0d1886f0b2a0"
                     aspect.isLogged="true"
                     aspect.isPersistent="true"
                     baseType="STRING"
                     category=""
                     description=""
                     isLocalOnly="false"
                     name="ClientId"
                     ordinal="3"></PropertyDefinition>
                    <PropertyDefinition
                     aspect.dataChangeType="VALUE"
                     aspect.isLogged="true"
                     aspect.isPersistent="true"
                     baseType="STRING"
                     category=""
                     description=""
                     isLocalOnly="false"
                     name="driveName"
                     ordinal="9"></PropertyDefinition>
                    <PropertyDefinition
                     aspect.dataChangeType="VALUE"
                     aspect.isLogged="true"
                     aspect.isPersistent="true"
                     baseType="STRING"
                     category=""
                     description=""
                     isLocalOnly="false"
                     name="fileName"
                     ordinal="7"></PropertyDefinition>
                    <PropertyDefinition
                     aspect.dataChangeType="VALUE"
                     aspect.isLogged="true"
                     aspect.isPersistent="true"
                     baseType="STRING"
                     category=""
                     description=""
                     isLocalOnly="false"
                     name="folderName"
                     ordinal="6"></PropertyDefinition>
                    <PropertyDefinition
                     aspect.dataChangeType="VALUE"
                     aspect.isIndexed="false"
                     aspect.isPersistent="false"
                     baseType="JSON"
                     category=""
                     description=""
                     isLocalOnly="false"
                     name="headers"
                     ordinal="8"></PropertyDefinition>
                    <PropertyDefinition
                     aspect.dataChangeType="VALUE"
                     aspect.defaultValue="3jd8Q~nHuBfHnUqiYa8dguwqLkm2As5aznbvwaDO"
                     aspect.isLogged="true"
                     aspect.isPersistent="true"
                     baseType="STRING"
                     category=""
                     description=""
                     isLocalOnly="false"
                     name="SecretValue"
                     ordinal="4"></PropertyDefinition>
                    <PropertyDefinition
                     aspect.dataChangeType="VALUE"
                     aspect.defaultValue="da2afad5-bdee-45e8-96ae-0cabbda161f0"
                     aspect.isLogged="true"
                     aspect.isPersistent="true"
                     baseType="STRING"
                     category=""
                     description=""
                     isLocalOnly="false"
                     name="TenantId"
                     ordinal="2"></PropertyDefinition>
                </PropertyDefinitions>
                <ServiceDefinitions></ServiceDefinitions>
                <EventDefinitions></EventDefinitions>
                <ServiceMappings></ServiceMappings>
                <ServiceImplementations></ServiceImplementations>
                <Subscriptions></Subscriptions>
            </ThingShape>
            <ImplementedShapes></ImplementedShapes>
            <SharedConfigurationTables></SharedConfigurationTables>
            <InstanceDesignTimePermissions>
                <Create></Create>
                <Read></Read>
                <Update></Update>
                <Delete></Delete>
                <Metadata></Metadata>
            </InstanceDesignTimePermissions>
            <InstanceRunTimePermissions></InstanceRunTimePermissions>
            <InstanceVisibilityPermissions>
                <Visibility></Visibility>
            </InstanceVisibilityPermissions>
        </ThingTemplate>
    </ThingTemplates>
</Entities>
