<?xml version="1.0" encoding="UTF-8"?>
<Entities
 majorVersion="9"
 minorVersion="6"
 universal="password">
    <Projects>
        <Project
         artifactId=""
         aspect.projectType="Solution"
         dependsOn="{&quot;extensions&quot;:&quot;&quot;,&quot;projects&quot;:&quot;&quot;}"
         description="One Drive Solution"
         documentationContent=""
         groupId=""
         homeMashup=""
         minPlatformVersion=""
         name="OneDrive"
         packageVersion="1.0.0"
         projectName="OneDrive"
         publishResult=""
         state="DRAFT"
         tags="">
            <avatar></avatar>
            <DesignTimePermissions>
                <Create></Create>
                <Read></Read>
                <Update></Update>
                <Delete></Delete>
                <Metadata></Metadata>
            </DesignTimePermissions>
            <RunTimePermissions></RunTimePermissions>
            <VisibilityPermissions>
                <Visibility></Visibility>
            </VisibilityPermissions>
            <ConfigurationTableDefinitions></ConfigurationTableDefinitions>
            <ConfigurationTables></ConfigurationTables>
        </Project>
    </Projects>
</Entities>
